{
    "intrinsic_matrix": [
        [
            658.324565529225,
            0.0,
            396.1001425154267
        ],
        [
            0.0,
            658.3223585031199,
            298.4303279484491
        ],
        [
            0.0,
            0.0,
            1.0
        ]
    ],
    "distortion_coef": [
        [
            -0.06550943669095222,
            0.11016444849679338,
            0.0007333012433112945,
            1.4763970940797881e-05,
            -0.06977344733665247
        ]
    ],
    "rotation": 0,
    "created_at": "24/01/2025 13:47:36"
}